code_service,nom_service,code_dept
1,DIDPAF PREVESSIN 01,01
2,CIAT DE BOURG EN BRESSE,01
3,CIAT D'OYONNAX,01
4,CIAT DE CHATEAU THIERRY,02
5,CIAT DE LAON,02
6,CIAT DE SOISSONS,02
7,CIAT DE ST QUENTIN,02
8,CIAT DE TERGNIER LA FERE,02
9,CIAT DE MONTLUCON,03
10,CIAT DE MOULINS,03
11,CIAT DE VICHY,03
12,CIAT DE DIGNE,04
13,CIAT DE MANOSQUE,04
14,DIDPAF MONTGENEVRE 05,05
15,CIAT DE BRIANCON,05
16,CIAT DE GAP,05
17,BMRA 06,06
18,SPAFA NICE COTE D'AZUR,06
19,SPAFT MENTON,06
20,ANTENNE PJ DE NICE,06
21,CIAT CENTRAL DE NICE,06
22,CIAT D'ANTIBES,06
23,CIAT DE CAGNES SUR MER,06
24,CIAT DE CANNES,06
25,CIAT DE GRASSE,06
26,CIAT DE MENTON,06
27,CIAT D'AUBENAS,07
28,CIAT DE GUILHERAND GRANGES,07
29,CIAT DE PRIVAS,07
30,CIAT DE CHARLEVILLE MEZIERES,08
31,CIAT DE SEDAN,08
32,CIAT DE FOIX,09
33,CIAT DE PAMIERS,09
34,CIAT CENTRAL DE TROYES,10
35,DDPAF AUDE 11,11
36,CIAT DE CARCASSONNE,11
37,CIAT DE CASTELNAUDARY,11
38,CIAT DE NARBONNE,11
39,CIAT DE DECAZEVILLE,12
40,CIAT DE MILLAU,12
41,CIAT DE RODEZ,12
42,BMRZ SUD,13
43,SPAFA MARSEILLE PROVENCE,13
44,SPAFP MARSEILLE,13
45,SRPJ DE MARSEILLE,13
46,CIAT D'AIX EN PROVENCE,13
47,CIAT D'ARLES,13
48,CIAT D'AUBAGNE,13
49,CIAT DE LA CIOTAT,13
50,CIAT DE MARIGNANE,13
51,CIAT DE MARSEILLE 1ER ARRT,13
52,CIAT DE MARSEILLE 2EME ARRT,13
53,CIAT DE MARSEILLE 8EME ARRT,13
54,CIAT DE MARTIGUES,13
55,CIAT DE SALON DE PROVENCE,13
56,CIAT DE VITROLLES,13
57,CIAT D'ISTRES,13
58,CISP DE TARASCON BEAUCAIRE,13
59,DSP MARSEILLE CENTRE,13
60,DSP MARSEILLE NORD,13
61,DSP MARSEILLE SUD,13
62,SURETE DEPARTEMENTALE DES BOUCHES DU RHO,13
63,UNITE DE RECHERCHE JUDICIAIRE 13,13
64,BMRA 14,14
65,CIAT CENTRAL DE CAEN,14
66,CIAT DE DEAUVILLE,14
67,CIAT DE DIVES SUR MER,14
68,CIAT DE HONFLEUR,14
69,CIAT DE LISIEUX,14
70,CIAT D'AURILLAC,15
71,CIAT CENTRAL D'ANGOULEME,16
72,CIAT DE COGNAC,16
73,CIAT CENTRAL DE LA ROCHELLE,17
74,CIAT DE ROCHEFORT,17
75,CIAT DE ROYAN,17
76,CIAT DE SAINTES,17
77,CIAT CENTRAL DE BOURGES,18
78,CIAT DE VIERZON,18
79,CIAT DE BRIVE,19
80,CIAT DE TULLE,19
81,CIAT D'USSEL,19
82,BMRA 21,21
83,DIPJ DE DIJON,21
84,CIAT CENTRAL DE DIJON,21
85,CIAT DE BEAUNE,21
86,CIAT DE DINAN,22
87,CIAT DE LANNION,22
88,CIAT DE ST BRIEUC,22
89,CIAT DE GUERET,23
90,ANTENNE PJ DE PERIGUEUX,24
91,CIAT DE BERGERAC,24
92,CIAT DE PERIGUEUX,24
93,SPAFT PONTARLIER,25
94,CIAT CENTRAL DE BESANCON,25
95,CIAT DE PONTARLIER,25
96,CISP MONTBELIARD,25
97,ANTENNE PJ DE VALENCE,26
98,CIAT CENTRAL DE VALENCE,26
99,CIAT DE MONTELIMAR,26
100,CIAT DE ROMANS,26
101,CIAT DE VAL DE REUIL,27
102,CIAT DE VERNON,27
103,CIAT D'EVREUX,27
104,CIAT DE CHARTRES,28
105,CIAT DE DREUX,28
106,CIAT CENTRAL DE BREST,29
107,CIAT DE CONCARNEAU,29
108,CIAT DE MORLAIX,29
109,CIAT DE QUIMPER,29
110,SPAFA AJACCIO CAMPO DELL ORO,2A
111,DRPJ D'AJACCIO,2A
112,CIAT CENTRAL D'AJACCIO,2A
113,SPAFA BASTIA PORETTA,2B
114,CIAT DE BASTIA,2B
115,DDPAF GARD 30,30
116,CIAT CENTRAL DE NIMES,30
117,CIAT D'ALES,30
118,CIAT DE BAGNOLS SUR CEZE,30
119,DIDPAF TOULOUSE 31,31
120,SRPJ DE TOULOUSE,31
121,CIAT CENTRAL DE TOULOUSE,31
122,CIAT DE ST GAUDENS,31
123,CIAT D'AUCH,32
124,BMRZ SUD OUEST,33
125,SPAFA BORDEAUX MERIGNAC,33
126,SRPJ DE BORDEAUX,33
127,CIAT CENTRAL DE BORDEAUX,33
128,CIAT D'ARCACHON,33
129,BMRA 34,34
130,SPAFP SETE,34
131,SRPJ DE MONTPELLIER,34
132,CIAT CENTRAL DE MONTPELLIER,34
133,CIAT D'AGDE,34
134,CIAT DE BEZIERS,34
135,CIAT DE SETE,34
136,BCFZ OUEST,35
137,BMRZ OUEST,35
138,SPAFA SAINT MALO,35
139,USG 35,35
140,SRPJ DE RENNES,35
141,CIAT CENTRAL DE RENNES,35
142,CIAT DE FOUGERES,35
143,CIAT DE ST MALO,35
144,CIAT DE CHATEAUROUX,36
145,CIAT CENTRAL DE TOURS,37
146,BMRA 38,38
147,ANTENNE PJ DE GRENOBLE,38
148,CIAT CENTRAL DE GRENOBLE,38
149,CIAT DE BOURGOIN JALLIEU,38
150,CIAT DE VIENNE,38
151,CIAT DE VOIRON,38
152,CIAT DE DOLE,39
153,CIAT DE LONS LE SAUNIER,39
154,CIAT DE DAX,40
155,CIAT DE MONT DE MARSAN,40
156,CIAT DE BLOIS,41
157,CIAT DE ROMORANTIN,41
158,CIAT DE VENDOME,41
159,ANTENNE PJ DE ST ETIENNE,42
160,CIAT CENTRAL DE ST ETIENNE,42
161,CIAT DE ROANNE,42
162,CIAT DE ST CHAMOND,42
163,CIAT D'ONDAINE,42
164,CIAT DU PUY EN VELAY,43
165,BMRA 44,44
166,SPAFA NANTES ATLANTIQUE,44
167,USG 44,44
168,CIAT CENTRAL DE NANTES,44
169,CIAT DE LA BAULE,44
170,CIAT DE ST NAZAIRE,44
171,BMRA 45,45
172,SRPJ D'ORLEANS,45
173,CIAT CENTRAL D'ORLEANS,45
174,CIAT DE MONTARGIS,45
175,CIAT DE CAHORS,46
176,CIAT D'AGEN,47
177,CIAT DE VILLENEUVE SUR LOT,47
178,CIAT DE MENDE,48
179,SRPJ D'ANGERS,49
180,CIAT CENTRAL D'ANGERS,49
181,CIAT DE CHOLET,49
182,CIAT DE SAUMUR,49
183,BMRA 50,50
184,DIDPAF CHERBOURG 50,50
185,CIAT DE CHERBOURG,50
186,CIAT DE COUTANCES,50
187,CIAT DE GRANVILLE,50
188,CIAT DE ST LO,50
189,SRPJ DE REIMS,51
190,CIAT CENTRAL DE REIMS,51
191,CIAT DE CHALONS EN CHAMPAGNE,51
192,CIAT D'EPERNAY,51
193,CIAT DE CHAUMONT,52
194,CIAT DE ST DIZIER,52
195,CIAT DE LAVAL,53
196,DDPAF MEURTHE ET MOSELLE 54,54
197,SRPJ DE NANCY,54
198,CIAT CENTRAL DE NANCY,54
199,CIAT DE BRIEY,54
200,CIAT DE CONFLANS EN JARNISY,54
201,CIAT DE DOMBASLE,54
202,CIAT DE LONGWY,54
203,CIAT DE LUNEVILLE,54
204,CIAT DE PONT A MOUSSON,54
205,CIAT DE TOUL,54
206,CIAT DE VILLERUPT,54
207,CIAT DE BAR LE DUC,55
208,CIAT DE VERDUN,55
209,CIAT DE LORIENT,56
210,CIAT DE VANNES,56
211,BMRZ EST,57
212,SPAFT FORBACH,57
213,SPAFT METZ,57
214,SPAFT THIONVILLE,57
215,CIAT CENTRAL DE METZ,57
216,CIAT DE FORBACH,57
217,CIAT DE FREYMING MERLEBACH,57
218,CIAT DE SARREBOURG,57
219,CIAT DE SARREGUEMINES,57
220,CIAT DE THIONVILLE,57
221,CIAT D'HAGONDANGE,57
222,CIAT DE NEVERS,58
223,BMRZ NORD,59
224,SPAFP DUNKERQUE,59
225,SPAFT LILLE,59
226,UJI VALENCIENNES,59
227,DIPJ DE LILLE,59
228,CIAT D'ANICHE,59
229,CIAT D'AULNOYE,59
230,CIAT DE CONDE SUR ESCAUT,59
231,CIAT DE DENAIN,59
232,CIAT DE GRAVELINES,59
233,CIAT DE JEUMONT,59
234,CIAT DE SOMAIN,59
235,CIAT DE ST AMAND LES EAUX,59
236,CIAT SUB DE LA MADELEINE,59
237,CIAT SUB DE LOMME,59
238,CIAT SUB DE MARCQ EN BAROEUL,59
239,CIAT SUB DE VILLENEUVE D'ASCQ,59
240,CIAT SUB DE WATTIGNIES,59
241,CSP DE CAMBRAI,59
242,CSP DE DOUAI AGGLOMERATION,59
243,CSP DE DUNKERQUE AGGLOMERATION,59
244,CSP DE MAUBEUGE AGGLOMERATION,59
245,CSP DE VALENCIENNES AGGLOMERATION,59
246,CSP D'HAZEBROUCK,59
247,DSP D'ARMENTIERES,59
248,DSP DE BAILLEUL,59
249,DSP DE LILLE,59
250,DSP DE ROUBAIX,59
251,DSP DE TOURCOING,59
252,SURETE URBAINE DE LILLE,59
253,DDPAF BEAUVAIS 60,60
254,CIAT DE BEAUVAIS,60
255,CIAT DE COMPIEGNE,60
256,CIAT DE CREIL,60
257,CIAT D'ALENCON,61
258,CIAT D'ARGENTAN,61
259,CIAT DE FLERS,61
260,DIDPAF CALAIS 62,62
261,CIAT D'ARRAS,62
262,CIAT D'AUCHEL,62
263,CIAT D'AVION,62
264,CIAT DE BERCK,62
265,CIAT DE BETHUNE,62
266,CIAT DE BOULOGNE SUR MER,62
267,CIAT DE BRUAY LA BUISSIERE,62
268,CIAT DE CALAIS,62
269,CIAT DE LENS,62
270,CIAT DE MARLES LES MINES,62
271,CIAT DE NOEUX LES MINES,62
272,CIAT DE ST OMER,62
273,CIAT DU TOUQUET,62
274,DIDPAF CLERMONT FERRAND 63,63
275,SRPJ DE CLERMONT FERRAND,63
276,CIAT CENTRAL DE CLERMONT FERRAND,63
277,CIAT DE COURNON D'AUVERGNE,63
278,CIAT DE GERZAT,63
279,CIAT DE RIOM,63
280,DIDPAF HENDAYE 64,64
281,ANTENNE PJ DE BAYONNE,64
282,ANTENNE PJ DE PAU,64
283,CIAT CENTRAL DE PAU,64
284,CIAT DE BAYONNE,64
285,CIAT DE BIARRITZ,64
286,CIAT DE ST JEAN DE LUZ,64
287,CIAT DE LOURDES,65
288,CIAT DE TARBES,65
289,DIDPAF PERPIGNAN 66,66
290,ANTENNE PJ DE PERPIGNAN,66
291,CIAT CENTRAL DE PERPIGNAN,66
292,DIDPAF STRASBOURG 67,67
293,SRPJ DE STRASBOURG,67
294,CIAT CENTRAL DE STRASBOURG,67
295,CIAT DE SELESTAT,67
296,CIAT D'HAGUENAU,67
297,DDPAF HAUT RHIN 68,68
298,CIAT CENTRAL DE MULHOUSE,68
299,CIAT DE COLMAR,68
300,CIAT DE GUEBWILLER,68
301,CIAT DE ST LOUIS,68
302,CIAT DE WITTENHEIM,68
303,BCFZ SUD EST,69
304,BMRZ SUD EST,69
305,SPAFA LYON SAINT EXUPERY,69
306,SPAFT LYON,69
307,SRPJ DE LYON,69
308,CIAT DE GIVORS,69
309,CIAT DE VILLEFRANCHE SUR SAONE,69
310,CIAT SUB DE BRON,69
311,CIAT SUB DE CALUIRE ET CUIRE,69
312,CIAT SUB DE LYON 1ER ARRT,69
313,CIAT SUB DE LYON 2EME ARRT,69
314,CIAT SUB DE LYON 3EME ET 6EME ARRTS,69
315,CIAT SUB DE LYON 5EME ARRT,69
316,CIAT SUB DE LYON 7EME ARRT,69
317,CIAT SUB DE LYON 8EME ARRT,69
318,CIAT SUB DE LYON 9EME ARRT,69
319,CIAT SUB DE MEYZIEU,69
320,CIAT SUB DE RILLIEUX LA PAPE,69
321,CIAT SUB DE ST PRIEST,69
322,CIAT SUB DE VAULX EN VELIN,69
323,CIAT SUB DE VENISSIEUX,69
324,CIAT SUB DE VILLEURBANNE,69
325,CIAT SUB D'OULLINS,69
326,SD LYON BAG,69
327,CIAT DE VESOUL,70
328,CS HERICOURT,70
329,CIAT DE CHALON SUR SAONE,71
330,CIAT DE MACON,71
331,CIAT DE MONTCEAU LES MINES,71
332,CIAT DU CREUSOT,71
333,CIAT CENTRAL DU MANS,72
334,SPAFT CHAMBERY,73
335,SPAFT MODANE,73
336,CIAT D'AIX LES BAINS,73
337,CIAT D'ALBERTVILLE,73
338,CIAT DE CHAMBERY,73
339,DDPAF HAUTE SAVOIE 74,74
340,ANTENNE PJ D'ANNECY,74
341,CIAT CENTRAL D'ANNECY,74
342,CIAT D'ANNEMASSE,74
343,CIAT DU LEMAN,74
344,DCPAF BCF,75
345,DIV PREV REPRESSION DELINQUANCE ROUTIERE,75
346,1ER DISTRICT DE POLICE JUDICIAIRE,75
347,2EME DISTRICT DE POLICE JUDICIAIRE,75
348,3EME DISTRICT DE POLICE JUDICIAIRE,75
349,BRIGADE CRIMINELLE,75
350,BRIGADE DE LA DELINQUANCE ASTUCIEUSE,75
351,BRIGADE DE LA DELINQUANCE DE LA PERSONNE,75
352,BRIGADE DE LA DELINQUANCE ECONOMIQUE,75
353,BRIGADE DE PROTECTION DES MINEURS,75
354,BRIGADE DE REPRESSION DU BANDITISME,75
355,BRIGADE DE REPRESSION DU PROXENETISME,75
356,BRIGADE DES INVESTIGATIONS FINANCIERES,75
357,BRIGADE DES STUPEFIANTS,75
358,BRIGADE FINANCIERE,75
359,BRIGADE FRAUDES AUX MOYENS DE PAIEMENT,75
360,BRIGADE FRAUDES TECHNOLOGIES DE L'INFO,75
361,DTSP75 01ER ARRONDISSEMENT,75
362,DTSP75 02EME ARRONDISSEMENT,75
363,DTSP75 03EME ARRONDISSEMENT,75
364,DTSP75 04EME ARRONDISSEMENT,75
365,DTSP75 05EME ET 06EME ARRONDISSEMENTS,75
366,DTSP75 06EME ARRONDISSEMENT,75
367,DTSP75 07EME ARRONDISSEMENT,75
368,DTSP75 08EME ARRONDISSEMENT,75
369,DTSP75 09EME ARRONDISSEMENT,75
370,DTSP75 10EME ARRONDISSEMENT,75
371,DTSP75 11EME ARRONDISSEMENT,75
372,DTSP75 12EME ARRONDISSEMENT,75
373,DTSP75 13EME ARRONDISSEMENT,75
374,DTSP75 14EME ARRONDISSEMENT,75
375,DTSP75 15EME ARRONDISSEMENT,75
376,DTSP75 16EME ARRONDISSEMENT,75
377,DTSP75 17EME ARRONDISSEMENT,75
378,DTSP75 18EME ARRONDISSEMENT,75
379,DTSP75 19EME ARRONDISSEMENT,75
380,DTSP75 20EME ARRONDISSEMENT,75
381,DTSP75 SURETE TERRITORIALE,75
382,SDRPT DSPAP,75
383,SDSS DSPAP,75
384,STJA SDPIT DSPAP,75
385,BMRA 76,76
386,SPAFP LE HAVRE,76
387,SPAFT ROUEN,76
388,SRPJ DE ROUEN,76
389,CIAT CENTRAL DE ROUEN,76
390,CIAT DE BOLBEC,76
391,CIAT DE DIEPPE,76
392,CIAT DE FECAMP,76
393,CIAT DU HAVRE,76
394,DCPAF OCRIEST,77
395,DIDPAF MESNIL AMELOT 77,77
396,CIAT CENTRAL DE MELUN VAL DE SEINE,77
397,CIAT DE CHELLES,77
398,CIAT DE CHESSY,77
399,CIAT DE COULOMMIERS,77
400,CIAT DE FONTAINEBLEAU,77
401,CIAT DE LAGNY,77
402,CIAT DE MEAUX,77
403,CIAT DE MOISSY CRAMAYEL,77
404,CIAT DE MONTEREAU FAULT YONNE,77
405,CIAT DE MORET SUR LOING,77
406,CIAT DE NEMOURS,77
407,CIAT DE NOISIEL,77
408,CIAT DE PONTAULT COMBAULT,77
409,CIAT DE PROVINS,77
410,CIAT DE VILLEPARISIS,77
411,CS DE MITRY MORY,77
412,SURETE DEPARTEMENTALE DE SEINE ET MARNE,77
413,DDPAF YVELINES 78,78
414,DRPJ DE VERSAILLES,78
415,CIAT CENTRAL DE VERSAILLES,78
416,CIAT DE CONFLANS STE HONORINE,78
417,CIAT DE FONTENAY LE FLEURY,78
418,CIAT DE GUYANCOURT,78
419,CIAT DE HOUILLES CARRIERES SUR SEINE,78
420,CIAT DE LA CELLE ST CLOUD,78
421,CIAT D'ELANCOURT,78
422,CIAT DE MAISONS LAFFITTE,78
423,CIAT DE MANTES LA JOLIE,78
424,CIAT DE MARLY LE ROI,78
425,CIAT DE PLAISIR,78
426,CIAT DE POISSY,78
427,CIAT DE RAMBOUILLET,78
428,CIAT DE SARTROUVILLE,78
429,CIAT DES MUREAUX,78
430,CIAT DE ST GERMAIN EN LAYE,78
431,CIAT DE TRAPPES,78
432,CIAT DE VELIZY VILLACOUBLAY,78
433,CIAT DU VESINET,78
434,SURETE DEPARTEMENTALE DES YVELINES,78
435,CIAT DE NIORT,79
436,CIAT DE THOUARS,79
437,CIAT D'ABBEVILLE,80
438,CIAT D'AMIENS,80
439,CIAT D'ALBI,81
440,CIAT DE CARMAUX,81
441,CIAT DE CASTRES,81
442,CIAT DE MAZAMET,81
443,CIAT DE CASTELSARRASIN,82
444,CIAT DE MONTAUBAN,82
445,DDPAF VAR 83,83
446,ANTENNE PJ DE TOULON,83
447,CIAT CENTRAL DE TOULON,83
448,CIAT DE DRAGUIGNAN,83
449,CIAT DE FREJUS ST RAPHAEL,83
450,CIAT DE HYERES,83
451,CIAT DE LA SEYNE,83
452,CIAT DE SANARY,83
453,BMRA 84,84
454,CIAT D'AVIGNON,84
455,CIAT DE CARPENTRAS,84
456,CIAT DE CAVAILLON,84
457,CIAT D'ORANGE,84
458,CIAT DE LA ROCHE SUR YON,85
459,CIAT DES SABLES D'OLONNE,85
460,CIAT CENTRAL DE POITIERS,86
461,CIAT DE CHATELLERAULT,86
462,BMRA 87,87
463,SRPJ DE LIMOGES,87
464,CIAT CENTRAL DE LIMOGES,87
465,CIAT CENTRAL D'EPINAL,88
466,CIAT DE REMIREMONT,88
467,CIAT DE ST DIE,88
468,CIAT D'AUXERRE,89
469,CIAT DE SENS,89
470,CIAT CENTRAL DE BELFORT,90
471,DDPAF ESSONNE,91
472,CIAT D'ARPAJON,91
473,CIAT D'ATHIS MONS,91
474,CIAT DE BRUNOY,91
475,CIAT DE CORBEIL ESSONNES,91
476,CIAT DE DRAVEIL,91
477,CIAT DE JUVISY SUR ORGE,91
478,CIAT DE LONGJUMEAU,91
479,CIAT DE MASSY,91
480,CIAT DE MONTGERON,91
481,CIAT DE PALAISEAU,91
482,CIAT DE SAVIGNY SUR ORGE,91
483,CIAT DE STE GENEVIEVE DES BOIS,91
484,CIAT D'ETAMPES,91
485,CIAT D'EVRY,91
486,SURETE DEPARTEMENTALE DE L'ESSONNE,91
487,OCBC DCPJ5,92
488,OCLCIFF,92
489,OCLCTIC,92
490,OCRFM DCPJ10,92
491,OCRGDF DCPJ9,92
492,OCRTEH,92
493,OCRTIS,92
494,OCRVP,92
495,OFFICE CENTRAL LUTTE CRIME ORGANISE,92
496,SERVICE CENTRAL COURSES ET JEUX,92
497,SOUS DIRECTION ANTI TERRORISTE,92
498,SDPJ DES HAUTS DE SEINE,92
499,DTSP92 ANTONY,92
500,DTSP92 ASNIERES SUR SEINE,92
501,DTSP92 BAGNEUX,92
502,DTSP92 BOULOGNE BILLANCOURT,92
503,DTSP92 CHATENAY MALABRY,92
504,DTSP92 CLAMART,92
505,DTSP92 CLICHY LA GARENNE,92
506,DTSP92 COLOMBES,92
507,DTSP92 COURBEVOIE,92
508,DTSP92 GENNEVILLIERS,92
509,DTSP92 ISSY LES MOULINEAUX,92
510,DTSP92 LA DEFENSE,92
511,DTSP92 LA GARENNE COLOMBES,92
512,DTSP92 LEVALLOIS PERRET,92
513,DTSP92 MEUDON,92
514,DTSP92 MONTROUGE,92
515,DTSP92 NANTERRE,92
516,DTSP92 NEUILLY SUR SEINE,92
517,DTSP92 PUTEAUX,92
518,DTSP92 RUEIL MALMAISON,92
519,DTSP92 SEVRES,92
520,DTSP92 ST CLOUD,92
521,DTSP92 SURESNES,92
522,DTSP92 SURETE TERRITORIALE,92
523,DTSP92 VANVES,92
524,DTSP92 VILLENEUVE LA GARENNE,92
525,SPAF LE BOURGET,93
526,SDPJ DE SEINE ST DENIS,93
527,DTSP93 AUBERVILLIERS,93
528,DTSP93 AULNAY SOUS BOIS,93
529,DTSP93 BOBIGNY,93
530,DTSP93 BONDY,93
531,DTSP93 CLICHY MONTFERMEIL,93
532,DTSP93 DRANCY,93
533,DTSP93 EPINAY SUR SEINE,93
534,DTSP93 GAGNY,93
535,DTSP93 LA COURNEUVE,93
536,DTSP93 LE BLANC MESNIL,93
537,DTSP93 LES LILAS,93
538,DTSP93 LIVRY GARGAN,93
539,DTSP93 MONTREUIL,93
540,DTSP93 NEUILLY SUR MARNE,93
541,DTSP93 NOISY LE GRAND,93
542,DTSP93 PANTIN,93
543,DTSP93 RAINCY,93
544,DTSP93 ROSNY SOUS BOIS,93
545,DTSP93 STAINS,93
546,DTSP93 ST DENIS,93
547,DTSP93 ST OUEN,93
548,DTSP93 SURETE TERRITORIALE,93
549,DTSP93 ULII,93
550,DTSP93 VILLEPINTE,93
551,DPAF ORLY,94
552,SDPJ DU VAL DE MARNE,94
553,DTSP94 ALFORTVILLE,94
554,DTSP94 BOISSY ST LEGER,94
555,DTSP94 CHAMPIGNY SUR MARNE,94
556,DTSP94 CHARENTON LE PONT,94
557,DTSP94 CHENNEVIERES SUR MARNE,94
558,DTSP94 CHOISY LE ROI,94
559,DTSP94 CRETEIL,94
560,DTSP94 FONTENAY SOUS BOIS,94
561,DTSP94 IVRY SUR SEINE,94
562,DTSP94 KREMLIN BICETRE,94
563,DTSP94 L'HAY LES ROSES,94
564,DTSP94 MAISONS ALFORT,94
565,DTSP94 NOGENT SUR MARNE,94
566,DTSP94 ST MAUR DES FOSSES,94
567,DTSP94 SURETE TERRITORIALE,94
568,DTSP94 VILLENEUVE ST GEORGES,94
569,DTSP94 VINCENNES,94
570,DTSP94 VITRY SUR SEINE,94
571,DDPAF VAL D'OISE 95,95
572,DPAF ROISSY CDG,95
573,CIAT D'ARGENTEUIL,95
574,CIAT DE BEZONS,95
575,CIAT DE CERGY PONTOISE,95
576,CIAT DE DEUIL LA BARRE,95
577,CIAT DE GARGES LES GONESSE,95
578,CIAT DE GONESSE,95
579,CIAT D'ENGHIEN LES BAINS,95
580,CIAT DE PERSAN BEAUMONT,95
581,CIAT D'ERMONT,95
582,CIAT DE SARCELLES,95
583,CIAT DE TAVERNY,95
584,CIAT D'HERBLAY,95
585,SURETE DEPARTEMENTALE DU VAL D'OISE,95
586,DDPAF GUADELOUPE 971,971
587,SPAF ST MARTIN,971
588,DIPJ DE POINTE A PITRE,971
589,CIAT DE BASSE TERRE,971
590,CIAT DE CAPESTERRE BELLE EAU,971
591,CIAT DE POINTE A PITRE,971
592,DDPAF MARTINIQUE 972,972
593,CIAT DE FORT DE FRANCE,972
594,CIAT DU LAMENTIN,972
595,DDPAF GUYANE 973,973
596,CIAT DE CAYENNE,973
597,DDPAF REUNION 974,974
598,CIAT CENTRAL DE ST DENIS DE LA REUNION,974
599,CIAT DE ST ANDRE,974
600,CIAT DE ST PIERRE,974
601,CIAT DU PORT,974
602,DPAF MAYOTTE 976,976
603,CIAT DE MAMOUDZOU,976
604,SERVICE DEONTOLOGIE SYNTHESE EVALUATION,75
605,STADE DSPAP,75
606,BMRA 01,01
607,SPAFT PREVESSIN,01
608,BMRA 05,05
609,SPAFT MONTGENEVRE,05
610,BCFA NICE,06
611,CRA NICE,06
612,BMRA 11,11
613,SPAFT PORT LA NOUVELLE,11
614,CRS AUTO PROVENCE MARSEILLE,13
615,CRA MARSEILLE CANET,13
616,UJI MARSEILLE,13
617,USG 13,13
618,GIR PROVENCE ALPES COTE D'AZUR,13
619,CIAT DE MARSEILLE 16EME ARRT,13
620,BMRA 25,25
621,UTE MONTBELIARD,25
622,BMRA 2A,2A
623,SPAFA BONIFACIO FIGARI,2A
624,BMRA 2B,2B
625,SPAFA CALVI,2B
626,SPAFT BASTIA,2B
627,BMRA 30,30
628,ANTENNE PJ DE NIMES,30
629,BMRA 31,31
630,CRA TOULOUSE,31
631,DZPAF BPA TOULOUSE,31
632,SPAFA TOULOUSE BLAGNAC,31
633,CRS AUTO AQUITAINE BORDEAUX CENON,33
634,UJI MONTPELLIER,34
635,DZPAF BPA RENNES,35
636,ANTENNE PJ DE TOURS,37
637,CRS ALPES GRENOBLE,38
638,CRS AUTO R A A DETACHEMENT ST ETIENNE,42
639,CIAT DU GIER,42
640,SPAFP CHERBOURG,50
641,CRS AUTO LORRAINE ALSACE DET NANCY,54
642,BMRA 54,54
643,SPAFT MONT SAINT MARTIN,54
644,CRS AUTO LORRAINE ALSACE CHATELSTGERMAIN,57
645,CRS AUTO NORD PDC DET ST OMER,59
646,CRS AUTO NORD PDC LILLE LAMBERSART,59
647,BCFZ NORD,59
648,CRA LILLE,59
649,BMRA 60,60
650,SPAFA BEAUVAIS TILLE,60
651,ANTENNE PJ DE CREIL,60
652,BMRA 62,62
653,SPAFP CALAIS,62
654,USG 62,62
655,ANTENNE PJ DE COQUELLES,62
656,BMRA 63,63
657,SPAFA AULNAT,63
658,BMRA 64,64
659,SPAFA BIARRITZ,64
660,SPAFT HENDAYE DANCHARIA,64
661,UJI PAU,64
662,BCFA PERPIGNAN,66
663,BMRA 66,66
664,SPAFT CERBERE,66
665,SPAFT LE PERTHUS,66
666,SPAFT PERPIGNAN,66
667,CRS AUTO LORRAINE ALSACE DET STRASBOURG,67
668,BMRA 67,67
669,SPAFA STRASBOURG ENTZHEIM,67
670,SPAFT STRASBOURG,67
671,UTE LAUTERBOURG,67
672,BMRA 68,68
673,SPAFA BALE MULHOUSE,68
674,SPAFT ST LOUIS,68
675,CRS AUTO RHONE ALPES AUVERGNE LYON,69
676,CRA LYON SAINT EXUPERY,69
677,GIR RHONE ALPES,69
678,SCDC FRC,69
679,SECTION DES ETUDES ET DE LA FORMATION,69
680,DSP LYON CENTRE,69
681,DSP LYON EST,69
682,DSP LYON OUEST,69
683,LYON AGGLOMERATION,69
684,SURETE DEPARTEMENTALE DU RHONE,69
685,BMRA 73,73
686,BMRA 74,74
687,SPAFT CHAMONIX,74
688,SPAFT GAILLARD,74
689,1ER DISTRICT,75
690,2EME DISTRICT,75
691,DIV REGIONALE MOTOCYCLISTE,75
692,SERVICE DE CIRCULATION DU PERIPHERIQUE,75
693,SERVICE DES COMPAGNIES MOTOCYCLISTES 75,75
694,BRIGADE EXECUTION DECISIONS DE JUSTICE,75
695,BRF SURETE REGIONALE DES TRANSPORTS,75
696,SLII DSPAP,75
697,CRS AUTO EST IDF LAGNY SUR MARNE,77
698,BMRT 77,77
699,BMRT 78,78
700,ANTENNE PJ D'AMIENS,80
701,CRS AUTO PROVENCE DET TOULON OLLIOULES,83
702,BMRA 83,83
703,DDSP DU VAR,83
704,ANTENNE PJ D'AVIGNON,84
705,CIRC INTERDEPARTEMENTALE D'AVIGNON,84
706,ANTENNE PJ DE POITIERS LA ROCHELLE,86
707,CRS AUTO SUD IDF MASSY,91
708,BMRT 91,91
709,CRS AUTO OUEST IDF VAUCRESSON,92
710,BNLCOC,92
711,CIE TERRITORIALE CIRCU SECU ROUT 92,92
712,CIE TERRITORIALE CIRCU SECU ROUT 93,93
713,GPE INTERVENTION REGIONAL 93,93
714,CIE TERRITORIALE CIRCU SECU ROUT 94,94
715,GPE INTERVENTION REGIONAL 94,94
716,CRS AUTO NORD IDF DEUIL LA BARRE,95
717,BMR ROISSY,95
718,BMRT 95,95
719,ROISSY AEROPORT,95
720,DDPAF BMR 971,971
721,DDPAF UJI 971 GRANDE TERRE,971
722,SPAF BASSE TERRE,971
723,SPAF POINTE A PITRE,971
724,SPAF POLE CARAIBE,971
725,DDPAF BMR 972,972
726,SPAF FORT DE FRANCE LE LAMENTIN,972
727,ANTENNE OCRTIS CARAIBE,972
728,DDPAF BMR 973,973
729,SPAF CAYENNE FELIX EBOUE ROCHAMBEAU,973
730,SPAF SAINT GEORGES DE L'OYAPOCK,973
731,SPAF ST LAURENT DU MARONI,973
732,DDPAF BMR 974,974
733,SPAF GILLOT,974
734,SPAF PIERREFONDS,974
735,SURETE DEPARTEMENTALE DE LA REUNION,974
736,BMR DZAOUDZI,976
737,SPAF PAMANDZI,976
738,BCFZ SUD,13
739,CRA NIMES,30
740,SPAFT NIMES,30
741,DZPAF BPA METZ,57
742,CRA COQUELLES,62
743,SPAFT COQUELLES LIEN FIXE TRANSMANCHE,62
744,CRA HENDAYE,64
745,CRA PERPIGNAN,66
746,BRIGADE FLUVIALE,75
747,CRA OISSEL,76
748,GIR HAUTE NORMANDIE,76
749,DCPAF EM BPA,78
750,SPAFT TOULON,83
751,GPE INTERVENTION REGIONAL 92,92
752,GIR GUADELOUPE,971
753,UJI CANNES,06
754,UJI NICE,06
755,DDSP DU CHER,18
756,SPAFT DIJON,21
757,BCFZ SUD OUEST,33
758,DZPAF CRA RENNES,35
759,CIAT LE PUY EN VELAY,43
760,SPAFT ORLEANS,45
761,BCFZ EST,57
762,SECTION DES FICHIERS DE PROCEDURE,69
763,DIVISION REGIONALE SECURITE ROUTIERE,75
764,UNITE DES CONTROLES TECHNIQUES,75
765,DCFM SDLII DSPAP,75
766,DCO SDLII DSPAP,75
767,DTSP75 STC,75
768,CRS AUTO PROVENCE DETACHEMENT DE TOULON,83
769,ULII92 SDLII,92
770,ULII93 SDLII,93
771,ULII94 SDLII,94
772,CIAT SUB DE MARIGNANE,13
773,CIAT DE LONGWY VILLERUPT,54
774,GPE INTERVENTION REGIONAL 75,75
775,STJA SDSS,75
776,CSP ARGENTEUIL,95
777,CSP CERGY,95
778,CSP ENGHIEN LES BAINS,95
779,CSP ERMONT,95
780,CSP GONESSE,95
781,CSP SARCELLES,95
782,SPAF FORT DE FRANCE PORT,972
783,GIR MARSEILLE,13
784,CRA BORDEAUX,33
785,CRA SETE,34
786,UNITE JUDICIAIRE,44
787,DIPJ D'ORLEANS,45
788,DZPAF BPA LYON,69
789,GIR LYON,69
790,COMPAGNIE DE POLICE ROUTIERE,75
791,GIR PARIS,75
792,CRJ HORLOGE,75
793,DTSP75 PARIS CENTRE,75
794,GIR ROUEN,76
795,OCBC,92
796,OCLCO,92
797,OCRFM,92
798,OCRGDF,92
799,OFAST,92
800,GIR NANTERRE,92
801,DTSP92 PUTEAUX LA DEFENSE,92
802,GIR BOBIGNY,93
803,GIR CRETEIL,94
804,SPAF CRA MORNE VERGAIN,971
805,ANTENNE OFAST CARAIBE,972
806,DDSP DE L'AIN,01
807,CRS 21 ST QUENTIN,02
808,DDSP DE L'AISNE,02
809,DDSP DE L'ALLIER,03
810,DDSP DES ALPES DE HAUTE PROVENCE,04
811,CRS 06 NICE ST LAURENT DU VAR,06
812,DUMZ CRS NICE ST LAURENT DU VAR,06
813,DDPAF NICE 06,06
814,CRS 23 CHARLEVILLE MEZIERES,08
815,CRS 35 TROYES,10
816,CRS 57 CARCASSONNE,11
817,DDSP DE L'AVEYRON,12
818,CRS 53 MARSEILLE,13
819,CRS 55 MARSEILLE,13
820,DUMZ CRS MARSEILLE,13
821,DZPAF BPA AIX,13
822,DDSP DES BOUCHES DU RHONE,13
823,CRS 19 LA ROCHELLE,17
824,DUMZ CRS LA ROCHELLE,17
825,CRS 52 SANCERRE,18
826,CRS 40 DIJON PLOMBIERES LES DIJON,21
827,DUMZ CRS DIJON PLOMBIERES LES DIJON,21
828,CRS 13 SAINT BRIEUC,22
829,CRS 22 PERIGUEUX,24
830,CRS 49 MONTELIMAR,26
831,DDSP DE LA DROME,26
832,CRS 27 TOULOUSE,31
833,DUMZ CRS TOULOUSE,31
834,DDSP DU GERS,32
835,DUMZ CRS BORDEAUX CENON,33
836,DZPAF BPA BORDEAUX,33
837,CRS 56 MONTPELLIER,34
838,DUMZ CRS MONTPELLIER,34
839,DDSP DE L'HERAULT,34
840,DUMZ CRS RENNES ST JACQUES DE LA LANDE,35
841,UMZ CRS OUEST RENNES,35
842,DZPAF OUEST 35,35
843,CRS 41 TOURS ST CYR SUR LOIRE,37
844,CRS 47 GRENOBLE,38
845,CRS 34 ROANNE,42
846,CRS 50 ST ETIENNE LA TALAUDIERE,42
847,CRS 42 NANTES ST HERBLAIN,44
848,DUMZ CRS NANTES ST HERBLAIN,44
849,CRS 51 ORLEANS SARAN,45
850,CRS 24 AGEN BON ENCONTRE,47
851,CRS 33 REIMS,51
852,DUMZ CRS REIMS,51
853,CRS 39 NANCY JARVILLE,54
854,CRS 30 CHATEL ST GERMAIN,57
855,CRS 36 CHATEL ST GERMAIN,57
856,DUMZ CRS CHATEL ST GERMAIN,57
857,CRS 11 LILLE LAMBERSART,59
858,CRS 12 LILLE LAMBERSART,59
859,DZPAF NORD 59,59
860,DDSP DE L'ORNE,61
861,CRS 15 BETHUNE,62
862,CRS 16 ST OMER,62
863,CRS 48 CHATEL GUYON,63
864,DUMZ CRS CHATEL GUYON,63
865,CRS 25 PAU,64
866,DUMZ CRS PAU,64
867,DDSP DES PYRENEES ATLANTIQUES,64
868,CRS 29 LANNEMEZAN,65
869,CRS 58 PERPIGNAN,66
870,CRS 37 STRASBOURG,67
871,CRA GEISPOLSHEIM,67
872,DUMZ CRS MULHOUSE ILLZACH MODENHEIM,68
873,CRS 45 LYON CHASSIEU,69
874,UNITES DEPARTEMENTALES 69,69
875,CRS 43 CHALON SUR SAONE,71
876,CRS 10 LE MANS,72
877,DUMZ CRS LE MANS,72
878,11EME COMPAGNIE,75
879,12EME COMPAGNIE,75
880,21EME COMPAGNIE,75
881,22EME COMPAGNIE,75
882,23EME COMPAGNIE,75
883,31EME COMPAGNIE,75
884,32EME COMPAGNIE,75
885,DIV REGIONALE DE CIRCULATION,75
886,SDOPAP,75
887,SERVICE DES COMPAGNIES CENTRALE CIRCU,75
888,SERVICE GROUPEMENT INFORMATION VP,75
889,BRIGADE LUTTE CONTRE CYBER CRIMINALITE,75
890,BRF DEPART SECURISATION GENERALE,75
891,CIE SECURISATION INTERVENTION 75,75
892,CYNOPHILE DSPAP,75
893,SERVICE DE NUIT 75,75
894,CRS 31 ROUEN DARNETAL,76
895,CRS 32 LE HAVRE STE ADRESSE,76
896,DUMZ CRS ROUEN DARNETAL,76
897,CIAT DE LAGNY SUR MARNE,77
898,CIAT DE MELUN VAL DE SEINE,77
899,CS CHELLES,77
900,CS CHESSY,77
901,CS MOISSY CRAMAYEL,77
902,CS MORET SUR LOING,77
903,CS NEMOURS,77
904,CS PONTAULT COMBAULT,77
905,UNITES DEPARTEMENTALES 77,77
906,CRS 61 VELIZY VILLACOUBLAY,78
907,UNITES DEPARTEMENTALES 78,78
908,DDSP DE LA SOMME,80
909,CRS 28 MONTAUBAN,82
910,CRS 59 TOULON OLLIOULES,83
911,CRS 60 AVIGNON MONTFAVET,84
912,DUMZ CRS AVIGNON MONFAVET,84
913,CRS 20 LIMOGES,87
914,CRS 44 JOIGNY,89
915,CRS 03 QUINCY SOUS SENART,91
916,CRS 05 MASSY,91
917,CRS 08 BIEVRES,91
918,CRA PALAISEAU,91
919,CSP DE JUVISY SUR ORGE,91
920,CSP DE MONTGERON,91
921,CSP DE PALAISEAU,91
922,CSP DE STE GENEVIEVE DES BOIS,91
923,CSP D'EVRY,91
924,UNITES DEPARTEMENTALES 91,91
925,CIE SECURISATION INTERVENTION 92,92
926,DTSP92 UAO,92
927,SERVICE DE NUIT 92,92
928,CIE SECURISATION INTERVENTION 93,93
929,DTSP93 UAO,93
930,CIE SECURISATION INTERVENTION 94,94
931,DTSP94 UAO,94
932,SERVICE DE NUIT 94,94
933,UNITES DEPARTEMENTALES 95,95
934,GIR POINTE A PITRE,971
935,STPAF DE GUYANE,973
936,STPJ DE GUYANE,973
937,UNITES DEPARTEMENTALES 974,974
938,STPAF DE MAYOTTE,976
939,STPJ DE MAYOTTE,976
940,CSP DE BOURG EN BRESSE,01
941,CSP D'OYONNAX,01
942,DUMZ CRS ST QUENTIN,02
943,CSP DE DIGNE,04
944,CSP DE MANOSQUE,04
945,CSP DE BRIANCON,05
946,CSP DE GAP,05
947,SPJ DE NICE,06
948,CSP D'AUBENAS,07
949,CSP DE GUILHERAND GRANGES,07
950,CSP DE PRIVAS,07
951,CSP DE CHARLEVILLE MEZIERES,08
952,CSP DE SEDAN,08
953,CSP DE FOIX,09
954,CSP DE PAMIERS,09
955,CSP DE TROYES,10
956,CSP DE CARCASSONNE,11
957,CSP DE NARBONNE,11
958,DDSP DE L'AUDE,11
959,CRS 54 MARSEILLE,13
960,DTPJ DE MARSEILLE,13
961,CSP D'AURILLAC,15
962,SPJ DE LA ROCHELLE,17
963,CSP DE BRIVE,19
964,CSP DE TULLE,19
965,CSP D'USSEL,19
966,DTPJ DE DIJON,21
967,CSP DE GUERET,23
968,CRS 17 BERGERAC,24
969,SPJ DE PERIGUEUX,24
970,DDSP DE LA DORDOGNE,24
971,CISP MONTBELIARD HERICOURT,25
972,CSP DE BESANCON,25
973,CSP DE PONTARLIER,25
974,SPJ DE VALENCE,26
975,CSP DE MONTELIMAR,26
976,CSP DE ROMANS,26
977,CSP DE VALENCE,26
978,DTPJ D'AJACCIO,2A
979,CSP D'AJACCIO,2A
980,CSP DE BASTIA,2B
981,SPJ DE NIMES,30
982,CRS 26 TOULOUSE,31
983,DTPJ DE TOULOUSE,31
984,CSP DE ST GAUDENS,31
985,CSP DE TOULOUSE,31
986,CRS 14 BORDEAUX CENON,33
987,DTPJ DE BORDEAUX,33
988,CSP D'ARCACHON,33
989,CSP DE BORDEAUX,33
990,DTPJ DE MONTPELLIER,34
991,CRS 09 RENNES ST JACQUES DE LA LANDE,35
992,DTPJ DE RENNES,35
993,DDSP DE L'INDRE,36
994,DUMZ CRS TOURS ST CYR SUR LOIRE,37
995,SPJ DE TOURS,37
996,DUMZ CRS GRENOBLE,38
997,SPJ DE GRENOBLE,38
998,CSP DE BLOIS,41
999,CSP DE VENDOME,41
1000,SPJ DE ST ETIENNE,42
1001,DTPJ D'ORLEANS,45
1002,SPJ D'AGEN,47
1003,CSP D'AGEN,47
1004,CSP DE VILLENEUVE SUR LOT,47
1005,DTPJ D'ANGERS,49
1006,DTPJ DE REIMS,51
1007,CSP DE CHALONS EN CHAMPAGNE,51
1008,CSP D'EPERNAY,51
1009,CSP DE REIMS,51
1010,DTPJ DE NANCY,54
1011,CSP DE FORBACH,57
1012,CSP DE FREYMING MERLEBACH,57
1013,CSP DE METZ,57
1014,CSP DE SARREBOURG,57
1015,CSP DE SARREGUEMINES,57
1016,CSP DE THIONVILLE,57
1017,CSP D'HAGONDANGE,57
1018,DUMZ CRS LILLE LAMBERSART,59
1019,DZPJ NORD,59
1020,SPJ DE CREIL,60
1021,SPJ DE COQUELLES,62
1022,DTPJ DE CLERMONT FERRAND,63
1023,SPJ DE BAYONNE,64
1024,SPJ DE PAU,64
1025,CSP DE LOURDES,65
1026,CSP DE TARBES,65
1027,DDSP DES HAUTES PYRENEES,65
1028,SPJ DE PERPIGNAN,66
1029,DTPJ DE STRASBOURG,67
1030,CRS 38 MULHOUSE ILLZACH MODENHEIM,68
1031,CRS 46 LYON STE FOY LES LYON,69
1032,CRA 2 LYON SAINT EXUPERY,69
1033,DZPAF SUD EST 69,69
1034,DTPJ DE LYON,69
1035,DDSP DU RHONE,69
1036,CSP LE MANS,72
1037,SPJ DE CHAMBERY,73
1038,CSP D'AIX LES BAINS,73
1039,CSP D'ALBERTVILLE,73
1040,CSP DE CHAMBERY,73
1041,UJ USG ANNEMASSE,74
1042,SPJ D'ANNECY,74
1043,BRAV M,75
1044,CSC,75
1045,DII,75
1046,GROUPE D'INTERVENTION ET DE PROTECTION,75
1047,SERVICE ORDRE PUBLIC DE NUIT,75
1048,SERVICE TRAITEMENT JUDICIAIRE ACCIDENTS,75
1049,SOPCI1,75
1050,SPS,75
1051,DTPJ DE ROUEN,76
1052,CRS 04 LAGNY SUR MARNE,77
1053,DCPAF EM SMA UA,78
1054,SPJ D'AMIENS,80
1055,CSP D'ABBEVILLE,80
1056,CSP D'AMIENS,80
1057,SPJ DE TOULON,83
1058,SPJ D'AVIGNON,84
1059,CSP DE LA ROCHE SUR YON,85
1060,CSP LES SABLES D'OLONNE,85
1061,CRS 18 POITIERS,86
1062,SPJ DE POITIERS,86
1063,DTPJ DE LIMOGES,87
1064,DDSP DE LA HAUTE VIENNE,87
1065,CSP D'AUXERRE,89
1066,CSP DE SENS,89
1067,DDSP DE L'ESSONNE,91
1068,CRS 02 VAUCRESSON,92
1069,DTSP92,92
1070,SERVICE DE NUIT 93,93
1071,CRS 07 DEUIL LA BARRE,95
1072,DZPJ ANTILLES,971
1073,STSP DE GUYANE,973
1074,STSP DE MAYOTTE,976
1075,0,01
1076,0,02
1077,0,03
1078,0,04
1079,1,04
1080,0,05
1081,1,06
1082,0,06
1083,0,07
1084,0,08
1085,0,09
1086,0,10
1087,0,11
1088,0,12
1089,1,13
1090,0,13
1091,0,14
1092,1,14
1093,0,15
1094,0,16
1095,0,17
1096,0,18
1097,0,19
1098,0,21
1099,0,22
1100,0,23
1101,0,24
1102,0,25
1103,0,26
1104,0,27
1105,0,28
1106,0,29
1107,0,2A
1108,2,2B
1109,1,2B
1110,0,30
1111,0,31
1112,0,32
1113,0,33
1114,0,34
1115,1,34
1116,0,35
1117,0,36
1118,0,37
1119,0,38
1120,0,39
1121,0,40
1122,0,41
1123,0,42
1124,0,43
1125,0,44
1126,0,45
1127,0,46
1128,0,47
1129,0,48
1130,0,49
1131,0,50
1132,0,51
1133,0,52
1134,0,53
1135,0,54
1136,0,55
1137,0,56
1138,0,57
1139,0,58
1140,0,59
1141,1,60
1142,0,60
1143,0,61
1144,0,62
1145,0,63
1146,0,64
1147,0,65
1148,0,66
1149,0,67
1150,0,68
1151,0,69
1152,0,70
1153,0,71
1154,0,72
1155,0,73
1156,0,74
1157,1,74
1158,0,76
1159,0,77
1160,0,78
1161,0,79
1162,0,80
1163,0,81
1164,0,82
1165,0,83
1166,0,84
1167,0,85
1168,0,86
1169,0,87
1170,0,88
1171,0,89
1172,1,91
1173,0,91
1174,0,95
1175,0,971
1176,0,972
1177,1,972
1178,0,973
1179,6,973
1180,0,974
1181,1,22
1182,1,25
1183,1,27
1184,1,2A
1185,4,2B
1186,0,2B
1187,1,38
1188,1,57
1189,1,61
1190,1,83
1191,1,84
1192,1,971
1193,1,973
1194,2,06
1195,1,07
1196,2,13
1197,1,17
1198,2,17
1199,2,2A
1200,1,42
1201,1,86
1202,2,973
1203,3,31
1204,1,35
1205,2,41
1206,1,45
1207,2,74
1208,1,77
1209,2,25
1210,1,33
1211,2,34
1212,1,44
1213,4,973
1214,1,09
1215,3,38
1216,1,67
1217,1,21
1218,1,30
1219,2,31
1220,1,51
1221,1,69
1222,1,70
1223,1,19
1224,2,30
1225,2,35
1226,1,52
1227,4,66
1228,1,68
1229,1,78
1230,1,80
1231,5,25
1232,1,36
1233,1,55
1234,1,85
1235,3,91
1236,1,12
1237,1,31
1238,2,44
1239,1,976
